{"cameraMode":{"drawMode":0,"name":"Shaded","section":"Shading Mode"},"sceneLighting":true,"audioPlay":false,"sceneViewState":{"m_AlwaysRefresh":false,"showFog":true,"showSkybox":true,"showFlares":true,"showImageEffects":true,"showParticleSystems":true,"showVisualEffectGraphs":true,"m_FxEnabled":true},"in2DMode":false,"pivot":{"x":23.58254623413086,"y":17.12834930419922,"z":-0.06293706595897675},"rotation":{"x":0.24152712523937226,"y":0.10456092655658722,"z":-0.02618686854839325,"w":0.9643895030021668},"size":4.202874183654785,"orthographic":false}